family,dataset_id,n,dimension,hubness_sample_size,k_hub,hub_share_top1pct,hub_share_state,hub_share_reason,antihub_fraction,antihub_state,antihub_reason,seed,profile
gaussian,gaussian-128,50000,128,1000,10,0.1307,OK,,0.187,OK,,1337,reference
gaussian,gaussian-128,50000,128,1000,20,0.1078,OK,,0.091,OK,,1337,reference
gaussian,gaussian-128,50000,128,1000,5,0.1468,OK,,0.319,WARN,,1337,reference
gaussian,gaussian-128,50000,128,20000,10,0.22775,WARN,,0.29575,WARN,,1337,reference
gaussian,gaussian-128,50000,128,20000,20,0.207005,WARN,,0.18875,OK,,1337,reference
gaussian,gaussian-128,50000,128,20000,5,0.24634,WARN,,0.4187,FAIL,,1337,reference
gaussian,gaussian-128,50000,128,5000,10,0.19672,OK,,0.2446,OK,,1337,reference
gaussian,gaussian-128,50000,128,5000,20,0.17288,OK,,0.1442,OK,,1337,reference
gaussian,gaussian-128,50000,128,5000,5,0.22064,WARN,,0.3806,WARN,,1337,reference
gaussian,gaussian-128,50000,128,50000,10,0.253038,WARN,,0.32082,WARN,,1337,reference
gaussian,gaussian-128,50000,128,50000,20,0.233633,WARN,,0.21224,OK,,1337,reference
gaussian,gaussian-128,50000,128,50000,5,0.270372,WARN,,0.44346,FAIL,,1337,reference
gaussian,gaussian-1536,50000,1536,1000,10,0.1542,OK,,0.271,WARN,,1337,reference
gaussian,gaussian-1536,50000,1536,1000,20,0.1214,OK,,0.145,OK,,1337,reference
gaussian,gaussian-1536,50000,1536,1000,5,0.188,OK,,0.415,FAIL,,1337,reference
gaussian,gaussian-1536,50000,1536,20000,10,0.312595,WARN,,0.43755,FAIL,,1337,reference
gaussian,gaussian-1536,50000,1536,20000,20,0.2760525,WARN,,0.31225,WARN,,1337,reference
gaussian,gaussian-1536,50000,1536,20000,5,0.34653,WARN,,0.55765,FAIL,,1337,reference
gaussian,gaussian-1536,50000,1536,5000,10,0.25952,WARN,,0.3774,WARN,,1337,reference
gaussian,gaussian-1536,50000,1536,5000,20,0.21926,WARN,,0.2448,OK,,1337,reference
gaussian,gaussian-1536,50000,1536,5000,5,0.2998,WARN,,0.506,FAIL,,1337,reference
gaussian,gaussian-1536,50000,1536,50000,10,0.365828,FAIL,,0.48098,FAIL,,1337,reference
gaussian,gaussian-1536,50000,1536,50000,20,0.329311,WARN,,0.35902,WARN,,1337,reference
gaussian,gaussian-1536,50000,1536,50000,5,0.400308,FAIL,,0.59654,FAIL,,1337,reference
gaussian,gaussian-384,50000,384,1000,10,0.1593,OK,,0.253,WARN,,1337,reference
gaussian,gaussian-384,50000,384,1000,20,0.1259,OK,,0.14,OK,,1337,reference
gaussian,gaussian-384,50000,384,1000,5,0.192,OK,,0.401,FAIL,,1337,reference
gaussian,gaussian-384,50000,384,20000,10,0.26635,WARN,,0.3814,WARN,,1337,reference
gaussian,gaussian-384,50000,384,20000,20,0.2380725,WARN,,0.2603,WARN,,1337,reference
gaussian,gaussian-384,50000,384,20000,5,0.29205,WARN,,0.50445,FAIL,,1337,reference
gaussian,gaussian-384,50000,384,5000,10,0.217,WARN,,0.3228,WARN,,1337,reference
gaussian,gaussian-384,50000,384,5000,20,0.18804,OK,,0.1968,OK,,1337,reference
gaussian,gaussian-384,50000,384,5000,5,0.24272,WARN,,0.4558,FAIL,,1337,reference
gaussian,gaussian-384,50000,384,50000,10,0.317094,WARN,,0.4175,FAIL,,1337,reference
gaussian,gaussian-384,50000,384,50000,20,0.287984,WARN,,0.29818,WARN,,1337,reference
gaussian,gaussian-384,50000,384,50000,5,0.34546,WARN,,0.53952,FAIL,,1337,reference
gaussian,gaussian-64,50000,64,1000,10,0.1189,OK,,0.135,OK,,1337,reference
gaussian,gaussian-64,50000,64,1000,20,0.10305,OK,,0.062,OK,,1337,reference
gaussian,gaussian-64,50000,64,1000,5,0.139,OK,,0.255,WARN,,1337,reference
gaussian,gaussian-64,50000,64,20000,10,0.16464,OK,,0.22255,OK,,1337,reference
gaussian,gaussian-64,50000,64,20000,20,0.153905,OK,,0.1266,OK,,1337,reference
gaussian,gaussian-64,50000,64,20000,5,0.17446,OK,,0.338,WARN,,1337,reference
gaussian,gaussian-64,50000,64,5000,10,0.1415,OK,,0.186,OK,,1337,reference
gaussian,gaussian-64,50000,64,5000,20,0.1286,OK,,0.0972,OK,,1337,reference
gaussian,gaussian-64,50000,64,5000,5,0.15492,OK,,0.299,WARN,,1337,reference
gaussian,gaussian-64,50000,64,50000,10,0.173598,OK,,0.22904,OK,,1337,reference
gaussian,gaussian-64,50000,64,50000,20,0.165125,OK,,0.13694,OK,,1337,reference
gaussian,gaussian-64,50000,64,50000,5,0.181504,OK,,0.3472,WARN,,1337,reference
gaussian,gaussian-768,50000,768,1000,10,0.1697,OK,,0.282,WARN,,1337,reference
gaussian,gaussian-768,50000,768,1000,20,0.1337,OK,,0.177,OK,,1337,reference
gaussian,gaussian-768,50000,768,1000,5,0.2066,WARN,,0.435,FAIL,,1337,reference
gaussian,gaussian-768,50000,768,20000,10,0.301195,WARN,,0.4177,FAIL,,1337,reference
gaussian,gaussian-768,50000,768,20000,20,0.267515,WARN,,0.29705,WARN,,1337,reference
gaussian,gaussian-768,50000,768,20000,5,0.33465,WARN,,0.5407,FAIL,,1337,reference
gaussian,gaussian-768,50000,768,5000,10,0.23868,WARN,,0.369,WARN,,1337,reference
gaussian,gaussian-768,50000,768,5000,20,0.20295,WARN,,0.2332,OK,,1337,reference
gaussian,gaussian-768,50000,768,5000,5,0.27548,WARN,,0.4996,FAIL,,1337,reference
gaussian,gaussian-768,50000,768,50000,10,0.358652,FAIL,,0.45828,FAIL,,1337,reference
gaussian,gaussian-768,50000,768,50000,20,0.323784,WARN,,0.33738,WARN,,1337,reference
gaussian,gaussian-768,50000,768,50000,5,0.391584,FAIL,,0.57796,FAIL,,1337,reference
