kind,family,dataset_id,n,dimension,metric_space,index_kind,hubness_sample_size,k_hub,k,queries,n_lists,metric_id,state,value,unavailable_reason,evidence_strength,verdict,seed,profile
baseline,gaussian,gaussian-128,50000,128,L2,IVF,20000,10,10,200,224,antihub_fraction,OK,0.29575,,medium,OK,1337,reference
baseline,gaussian,gaussian-128,50000,128,L2,IVF,20000,10,10,200,224,canary_recall,OK,0.9,,medium,OK,1337,reference
baseline,gaussian,gaussian-128,50000,128,L2,IVF,20000,10,10,200,224,dfi,OK,0,,high,OK,1337,reference
baseline,gaussian,gaussian-128,50000,128,L2,IVF,20000,10,10,200,224,hub_share_top1pct,OK,0.22775,,medium,OK,1337,reference
baseline,gaussian,gaussian-128,50000,128,L2,IVF,20000,10,10,200,224,partition_size_cv,OK,0.3394172512,,medium,OK,1337,reference
baseline,gaussian,gaussian-1536,50000,1536,L2,IVF,20000,10,10,200,224,antihub_fraction,OK,0.43755,,medium,OK,1337,reference
baseline,gaussian,gaussian-1536,50000,1536,L2,IVF,20000,10,10,200,224,canary_recall,OK,0.9,,medium,OK,1337,reference
baseline,gaussian,gaussian-1536,50000,1536,L2,IVF,20000,10,10,200,224,dfi,OK,0,,high,OK,1337,reference
baseline,gaussian,gaussian-1536,50000,1536,L2,IVF,20000,10,10,200,224,hub_share_top1pct,OK,0.312595,,medium,OK,1337,reference
baseline,gaussian,gaussian-1536,50000,1536,L2,IVF,20000,10,10,200,224,partition_size_cv,OK,1.364714098,,medium,OK,1337,reference
baseline,gaussian,gaussian-384,50000,384,L2,IVF,20000,10,10,200,224,antihub_fraction,OK,0.3814,,medium,OK,1337,reference
baseline,gaussian,gaussian-384,50000,384,L2,IVF,20000,10,10,200,224,canary_recall,OK,0.9,,medium,OK,1337,reference
baseline,gaussian,gaussian-384,50000,384,L2,IVF,20000,10,10,200,224,dfi,OK,0,,high,OK,1337,reference
baseline,gaussian,gaussian-384,50000,384,L2,IVF,20000,10,10,200,224,hub_share_top1pct,OK,0.26635,,medium,OK,1337,reference
baseline,gaussian,gaussian-384,50000,384,L2,IVF,20000,10,10,200,224,partition_size_cv,OK,0.7151943087,,medium,OK,1337,reference
baseline,gaussian,gaussian-64,50000,64,L2,IVF,20000,10,10,200,224,antihub_fraction,OK,0.22255,,medium,OK,1337,reference
baseline,gaussian,gaussian-64,50000,64,L2,IVF,20000,10,10,200,224,canary_recall,OK,0.9,,medium,OK,1337,reference
baseline,gaussian,gaussian-64,50000,64,L2,IVF,20000,10,10,200,224,dfi,OK,0,,high,OK,1337,reference
baseline,gaussian,gaussian-64,50000,64,L2,IVF,20000,10,10,200,224,hub_share_top1pct,OK,0.16464,,medium,OK,1337,reference
baseline,gaussian,gaussian-64,50000,64,L2,IVF,20000,10,10,200,224,partition_size_cv,OK,0.178477472,,medium,OK,1337,reference
baseline,gaussian,gaussian-768,50000,768,L2,IVF,20000,10,10,200,224,antihub_fraction,OK,0.4177,,medium,OK,1337,reference
baseline,gaussian,gaussian-768,50000,768,L2,IVF,20000,10,10,200,224,canary_recall,OK,0.9,,medium,OK,1337,reference
baseline,gaussian,gaussian-768,50000,768,L2,IVF,20000,10,10,200,224,dfi,OK,0,,high,OK,1337,reference
baseline,gaussian,gaussian-768,50000,768,L2,IVF,20000,10,10,200,224,hub_share_top1pct,OK,0.301195,,medium,OK,1337,reference
baseline,gaussian,gaussian-768,50000,768,L2,IVF,20000,10,10,200,224,partition_size_cv,OK,1.10479956,,medium,OK,1337,reference
baseline,public,gist-960,20000,960,L2,IVF,20000,10,10,200,141,antihub_fraction,OK,0.16365,,medium,OK,1337,reference
baseline,public,gist-960,20000,960,L2,IVF,20000,10,10,200,141,canary_recall,OK,0.8985,,medium,OK,1337,reference
baseline,public,gist-960,20000,960,L2,IVF,20000,10,10,200,141,dfi,OK,0,,high,OK,1337,reference
baseline,public,gist-960,20000,960,L2,IVF,20000,10,10,200,141,hub_share_top1pct,OK,0.12577,,medium,OK,1337,reference
baseline,public,gist-960,20000,960,L2,IVF,20000,10,10,200,141,partition_size_cv,OK,0.6187240338,,medium,OK,1337,reference
baseline,public,glove-100,20000,100,COSINE,IVF,20000,10,10,200,141,antihub_fraction,OK,0.02505,,medium,OK,1337,reference
baseline,public,glove-100,20000,100,COSINE,IVF,20000,10,10,200,141,canary_recall,OK,0.9,,medium,OK,1337,reference
baseline,public,glove-100,20000,100,COSINE,IVF,20000,10,10,200,141,dfi,OK,0,,high,OK,1337,reference
baseline,public,glove-100,20000,100,COSINE,IVF,20000,10,10,200,141,hub_share_top1pct,OK,0.045875,,medium,OK,1337,reference
baseline,public,glove-100,20000,100,COSINE,IVF,20000,10,10,200,141,partition_size_cv,OK,0.3719913978,,medium,OK,1337,reference
baseline,public,sift-128,20000,128,L2,IVF,20000,10,10,200,141,antihub_fraction,OK,0.01825,,medium,OK,1337,reference
baseline,public,sift-128,20000,128,L2,IVF,20000,10,10,200,141,canary_recall,OK,0.9,,medium,OK,1337,reference
baseline,public,sift-128,20000,128,L2,IVF,20000,10,10,200,141,dfi,OK,0,,high,OK,1337,reference
baseline,public,sift-128,20000,128,L2,IVF,20000,10,10,200,141,hub_share_top1pct,OK,0.046095,,medium,OK,1337,reference
baseline,public,sift-128,20000,128,L2,IVF,20000,10,10,200,141,partition_size_cv,OK,0.3345713452,,medium,OK,1337,reference
baseline,synthetic,synthetic-drifted,12701,16,L2,IVF,12701,10,10,200,16,antihub_fraction,OK,0.03897330919,,medium,OK,1337,reference
baseline,synthetic,synthetic-drifted,12701,16,L2,IVF,12701,10,10,200,16,canary_recall,OK,0.898,,medium,OK,1337,reference
baseline,synthetic,synthetic-drifted,12701,16,L2,IVF,12701,10,10,200,16,dfi,OK,0,,high,OK,1337,reference
baseline,synthetic,synthetic-drifted,12701,16,L2,IVF,12701,10,10,200,16,hub_share_top1pct,OK,0.05971970711,,medium,OK,1337,reference
baseline,synthetic,synthetic-drifted,12701,16,L2,IVF,12701,10,10,200,16,partition_size_cv,OK,0.9160348381,,medium,OK,1337,reference
baseline,synthetic,synthetic-healthy,8000,16,L2,IVF,8000,10,10,200,32,antihub_fraction,OK,0.05225,,low,OK,1337,reference
baseline,synthetic,synthetic-healthy,8000,16,L2,IVF,8000,10,10,200,32,canary_recall,OK,0.9,,medium,OK,1337,reference
baseline,synthetic,synthetic-healthy,8000,16,L2,IVF,8000,10,10,200,32,dfi,OK,0,,high,OK,1337,reference
baseline,synthetic,synthetic-healthy,8000,16,L2,IVF,8000,10,10,200,32,hub_share_top1pct,OK,0.055075,,low,OK,1337,reference
baseline,synthetic,synthetic-healthy,8000,16,L2,IVF,8000,10,10,200,32,partition_size_cv,OK,0.4846369775,,medium,OK,1337,reference
baseline,synthetic,synthetic-hubby,8020,64,L2,FLAT,8020,10,10,200,0,antihub_fraction,FAIL,0.6450124688,,low,WARN,1337,reference
baseline,synthetic,synthetic-hubby,8020,64,L2,FLAT,8020,10,10,200,0,canary_recall,OK,0.9,,medium,WARN,1337,reference
baseline,synthetic,synthetic-hubby,8020,64,L2,FLAT,8020,10,10,200,0,dfi,OK,0,,high,WARN,1337,reference
baseline,synthetic,synthetic-hubby,8020,64,L2,FLAT,8020,10,10,200,0,hub_share_top1pct,FAIL,0.9296758105,,low,WARN,1337,reference
baseline,synthetic,synthetic-hubby,8020,64,L2,FLAT,8020,10,10,200,0,partition_size_cv,UNAVAILABLE,,not_applicable,low,WARN,1337,reference
baseline,synthetic,synthetic-tombstoned,5200,16,L2,IVF,5200,10,10,200,16,antihub_fraction,OK,0.05057692308,,low,FAIL,1337,reference
baseline,synthetic,synthetic-tombstoned,5200,16,L2,IVF,5200,10,10,200,16,canary_recall,FAIL,0.534,,medium,FAIL,1337,reference
baseline,synthetic,synthetic-tombstoned,5200,16,L2,IVF,5200,10,10,200,16,dfi,FAIL,0.35,,high,FAIL,1337,reference
baseline,synthetic,synthetic-tombstoned,5200,16,L2,IVF,5200,10,10,200,16,hub_share_top1pct,OK,0.05475,,low,FAIL,1337,reference
baseline,synthetic,synthetic-tombstoned,5200,16,L2,IVF,5200,10,10,200,16,partition_size_cv,OK,0.5935102677,,medium,FAIL,1337,reference
